{"files": {"Cheats/TGFX16-CD/4 in 1 Super CD (SCD)(USA).zip": {"hash": "cc54bf3cbd4654b458849ced9f60a69d", "size": 1292, "tags": [15, 22, 251], "zip_id": "cheats_folder_tgfx16-cd"}, "Cheats/TGFX16-CD/Advanced Variable Geo (SCD)(Jpn).zip": {"hash": "4309e23eebad8450a7df563c2582ecba", "size": 234, "tags": [15, 22, 251], "zip_id": "cheats_folder_tgfx16-cd"}, "Cheats/TGFX16-CD/Akumajou Dracula X - Chi no Rondo (SCD)(Jpn).zip": {"hash": "6cf4c68330dc41c03b40c4460cbfcbd6", "size": 1925, "tags": [15, 22, 251], "zip_id": "cheats_folder_tgfx16-cd"}, "Cheats/TGFX16-CD/Ane-San (SCD)(Jpn).zip": {"hash": "e0bf46c11373f9870e49c3a5c5bc5c85", "size": 393, "tags": [15, 22, 251], "zip_id": "cheats_folder_tgfx16-cd"}, "Cheats/TGFX16-CD/Asuka 120% Maxima Burning Fest (SCD)(Jpn).zip": {"hash": "248608e5b645229f9bb1983e5a47262f", "size": 528, "tags": [15, 22, 251], "zip_id": "cheats_folder_tgfx16-cd"}, "Cheats/TGFX16-CD/Avenger (CD)(Jpn).zip": {"hash": "a752313b002b28832e0c0f42ccadb3e4", "size": 238, "tags": [15, 22, 251], "zip_id": "cheats_folder_tgfx16-cd"}, "Cheats/TGFX16-CD/Baby Jo (SCD)(Jpn).zip": {"hash": "42f19021afe28fc9f57b1dbf743ba48a", "size": 502, "tags": [15, 22, 251], "zip_id": "cheats_folder_tgfx16-cd"}, "Cheats/TGFX16-CD/Bakushou Yoshimoto no Shinkigeki (SCD)(Jpn).zip": {"hash": "ec87ca8d690cde8e27752b3240c133d9", "size": 234, "tags": [15, 22, 251], "zip_id": "cheats_folder_tgfx16-cd"}, "Cheats/TGFX16-CD/Bonk III - Bonk's Big Adventure (SCD)(USA).zip": {"hash": "a8bae5d321bad4e869cab3260747c3f9", "size": 439, "tags": [15, 22, 251], "zip_id": "cheats_folder_tgfx16-cd"}, "Cheats/TGFX16-CD/Brandish (ACD, SCD)(Jpn).zip": {"hash": "8290b9a9f8941fc742fee0fb29ed3ec8", "size": 1740, "tags": [15, 22, 251], "zip_id": "cheats_folder_tgfx16-cd"}, "Cheats/TGFX16-CD/Burai - Hachigyoku no Yuushi Densetsu (CD)(Jpn).zip": {"hash": "bff4678e158c39d76d28dca3d10c5c91", "size": 524, "tags": [15, 22, 251], "zip_id": "cheats_folder_tgfx16-cd"}, "Cheats/TGFX16-CD/Buster Bros. (CD)(USA).zip": {"hash": "0c857b8d9503cfc846df944745d7a363", "size": 789, "tags": [15, 22, 251], "zip_id": "cheats_folder_tgfx16-cd"}, "Cheats/TGFX16-CD/Camp California (SCD)(USA).zip": {"hash": "9fdba5300fa58eda559bb81072fd00b5", "size": 367, "tags": [15, 22, 251], "zip_id": "cheats_folder_tgfx16-cd"}, "Cheats/TGFX16-CD/Championship Rally (SCD)(Jpn).zip": {"hash": "ea2501d7f5ebff288c143605777af915", "size": 234, "tags": [15, 22, 251], "zip_id": "cheats_folder_tgfx16-cd"}, "Cheats/TGFX16-CD/Chiki Chiki Boys (SCD)(Jpn).zip": {"hash": "28419875cdfb7b853b9d33a261ba8df4", "size": 234, "tags": [15, 22, 251], "zip_id": "cheats_folder_tgfx16-cd"}, "Cheats/TGFX16-CD/Chou Aniki (SCD)(Jpn).zip": {"hash": "321477111dcbb4f9fa4ba27fd4d28594", "size": 718, "tags": [15, 22, 251], "zip_id": "cheats_folder_tgfx16-cd"}, "Cheats/TGFX16-CD/Cosmic Fantasy - Bouken Shounen Yuu (CD)(Jpn).zip": {"hash": "69a2f329e6864b0a0d9578d85b698d93", "size": 748, "tags": [15, 22, 251], "zip_id": "cheats_folder_tgfx16-cd"}, "Cheats/TGFX16-CD/Cosmic Fantasy II (CD)(USA).zip": {"hash": "096cc738964974dcc8a52a0e31959544", "size": 1386, "tags": [15, 22, 251], "zip_id": "cheats_folder_tgfx16-cd"}, "Cheats/TGFX16-CD/Cosmic Fantasy III - Bouken Shounen Rei (SCD)(Jpn).zip": {"hash": "34a192621d00b2ea94478eabaf5f8771", "size": 493, "tags": [15, 22, 251], "zip_id": "cheats_folder_tgfx16-cd"}, "Cheats/TGFX16-CD/Cotton - Fantastic Night Dreams (SCD)(USA).zip": {"hash": "d931f086271c286b724ca983d349966b", "size": 735, "tags": [15, 22, 251], "zip_id": "cheats_folder_tgfx16-cd"}, "Cheats/TGFX16-CD/Daisenpuu Custom (CD)(Jpn).zip": {"hash": "c9008b02d61f2065c09a0fcc5c26db03", "size": 1060, "tags": [15, 22, 251], "zip_id": "cheats_folder_tgfx16-cd"}, "Cheats/TGFX16-CD/Deden no Den (SCD)(Jpn).zip": {"hash": "e6ecd76e6c47a0b3935658f84706bd34", "size": 500, "tags": [15, 22, 251], "zip_id": "cheats_folder_tgfx16-cd"}, "Cheats/TGFX16-CD/Doraemon Nobita no Dorabian Night (SCD)(Jpn).zip": {"hash": "9fdba5300fa58eda559bb81072fd00b5", "size": 367, "tags": [15, 22, 251], "zip_id": "cheats_folder_tgfx16-cd"}, "Cheats/TGFX16-CD/Double Dragon II - The Revenge (SCD)(Jpn).zip": {"hash": "6dbc73450ec5a6c2198b0b2306cf48b6", "size": 514, "tags": [15, 22, 251], "zip_id": "cheats_folder_tgfx16-cd"}, "Cheats/TGFX16-CD/Download II (CD)(Jpn).zip": {"hash": "3eefcd7b8ab14a9321f34d6c517eb49a", "size": 936, "tags": [15, 22, 251], "zip_id": "cheats_folder_tgfx16-cd"}, "Cheats/TGFX16-CD/Downtown Nekketsu Monogatari (SCD)(Jpn).zip": {"hash": "f5b904b808cb459deece448d87505dd0", "size": 379, "tags": [15, 22, 251], "zip_id": "cheats_folder_tgfx16-cd"}, "Cheats/TGFX16-CD/Dragon Half (SCD)(Jpn).zip": {"hash": "17ed1c4d9f658e10616b459eede802d8", "size": 234, "tags": [15, 22, 251], "zip_id": "cheats_folder_tgfx16-cd"}, "Cheats/TGFX16-CD/Dragon Knight & Grafitti (SCD)(Jpn).zip": {"hash": "bebf2fad9b0a8447d7114236e7d4c84e", "size": 1149, "tags": [15, 22, 251], "zip_id": "cheats_folder_tgfx16-cd"}, "Cheats/TGFX16-CD/Dragon Slayer - Eiyuu Densetsu II (SCD)(Jpn).zip": {"hash": "2a349b12c63c0467eaf9c3cd3d142583", "size": 540, "tags": [15, 22, 251], "zip_id": "cheats_folder_tgfx16-cd"}, "Cheats/TGFX16-CD/Dragon Slayer - The Legend of Heroes (SCD)(USA).zip": {"hash": "dba7082e2677f2ced80890f16a9731c2", "size": 516, "tags": [15, 22, 251], "zip_id": "cheats_folder_tgfx16-cd"}, "Cheats/TGFX16-CD/Dungeon Explorer II (SCD)(Jpn).zip": {"hash": "6de346d0975350584e48b4d1f67228d5", "size": 2398, "tags": [15, 22, 251], "zip_id": "cheats_folder_tgfx16-cd"}, "Cheats/TGFX16-CD/Dungeon Explorer II (SCD)(USA).zip": {"hash": "6de346d0975350584e48b4d1f67228d5", "size": 2398, "tags": [15, 22, 251], "zip_id": "cheats_folder_tgfx16-cd"}, "Cheats/TGFX16-CD/Efera & Jiliora - The Emblem from Darkness (CD)(Jpn).zip": {"hash": "fb5b37f4079ba786a1e943da9ab839c0", "size": 508, "tags": [15, 22, 251], "zip_id": "cheats_folder_tgfx16-cd"}, "Cheats/TGFX16-CD/Exile (CD)(USA).zip": {"hash": "f89390de489a9009adc655d9e804d6aa", "size": 367, "tags": [15, 22, 251], "zip_id": "cheats_folder_tgfx16-cd"}, "Cheats/TGFX16-CD/Fantasy Star Soldier [Prototype] (SCD)(USA).zip": {"hash": "c17c574b4573250dc7f2f8ce1fccdc1d", "size": 975, "tags": [15, 22, 251], "zip_id": "cheats_folder_tgfx16-cd"}, "Cheats/TGFX16-CD/Farjius no Jakoutei - Neo Metal Fantasy (SCD)(Jpn).zip": {"hash": "e16b7f3cb315378d36000333281c0a83", "size": 533, "tags": [15, 22, 251], "zip_id": "cheats_folder_tgfx16-cd"}, "Cheats/TGFX16-CD/Faussete Amour (SCD)(Jpn).zip": {"hash": "61ea6c0fb3f819d24289c8a317110128", "size": 868, "tags": [15, 22, 251], "zip_id": "cheats_folder_tgfx16-cd"}, "Cheats/TGFX16-CD/Fiend Hunter (SCD)(Jpn).zip": {"hash": "a8fab5777c45664a907100036bad91fb", "size": 675, "tags": [15, 22, 251], "zip_id": "cheats_folder_tgfx16-cd"}, "Cheats/TGFX16-CD/Fighting Street (CD)(Jpn).zip": {"hash": "ab8cabfdc3662caa7014bbf7f4da2be5", "size": 262, "tags": [15, 22, 251], "zip_id": "cheats_folder_tgfx16-cd"}, "Cheats/TGFX16-CD/Fighting Street (CD)(USA).zip": {"hash": "ab8cabfdc3662caa7014bbf7f4da2be5", "size": 262, "tags": [15, 22, 251], "zip_id": "cheats_folder_tgfx16-cd"}, "Cheats/TGFX16-CD/Flash Hiders (SCD)(Jpn).zip": {"hash": "f1345e729f64a10af7dd7a52f779fed2", "size": 694, "tags": [15, 22, 251], "zip_id": "cheats_folder_tgfx16-cd"}, "Cheats/TGFX16-CD/Flash Hiders Taikenban (SCD)(Jpn).zip": {"hash": "f1345e729f64a10af7dd7a52f779fed2", "size": 694, "tags": [15, 22, 251], "zip_id": "cheats_folder_tgfx16-cd"}, "Cheats/TGFX16-CD/Forgotten Worlds (SCD)(Jpn).zip": {"hash": "70cceb5fd0cbbc74f6e2d87e85d7c0d5", "size": 236, "tags": [15, 22, 251], "zip_id": "cheats_folder_tgfx16-cd"}, "Cheats/TGFX16-CD/Forgotten Worlds (SCD)(USA).zip": {"hash": "a03807b5818d9ccd4877a9c0ba80ffc7", "size": 373, "tags": [15, 22, 251], "zip_id": "cheats_folder_tgfx16-cd"}, "Cheats/TGFX16-CD/Fray CD Xak Gaiden (SCD)(Jpn).zip": {"hash": "a9d480eb94ba2d40777549151f5cc72e", "size": 1233, "tags": [15, 22, 251], "zip_id": "cheats_folder_tgfx16-cd"}, "Cheats/TGFX16-CD/Gain Ground SX (SCD)(Jpn).zip": {"hash": "b28663aef76a5cd4dee218a21f3bb0d3", "size": 232, "tags": [15, 22, 251], "zip_id": "cheats_folder_tgfx16-cd"}, "Cheats/TGFX16-CD/Galaxy Deka Gayvan (SCD)(Jpn).zip": {"hash": "b28663aef76a5cd4dee218a21f3bb0d3", "size": 232, "tags": [15, 22, 251], "zip_id": "cheats_folder_tgfx16-cd"}, "Cheats/TGFX16-CD/Garou Densetsu II - Aratanaru Tatakai [Imperfect] (ACD)(Jpn).zip": {"hash": "26b088f5247f4d14846a7b4fa6cef5c3", "size": 232, "tags": [15, 22, 251], "zip_id": "cheats_folder_tgfx16-cd"}, "Cheats/TGFX16-CD/Garou Densetsu Special (ACD)(Jpn).zip": {"hash": "aeedcfe2779a70315c69c486952648be", "size": 772, "tags": [15, 22, 251], "zip_id": "cheats_folder_tgfx16-cd"}, "Cheats/TGFX16-CD/Gate of Thunder (SCD)(Jpn).zip": {"hash": "cd6b8563eb07790d66311a9b26e5a1a3", "size": 1240, "tags": [15, 22, 251], "zip_id": "cheats_folder_tgfx16-cd"}, "Cheats/TGFX16-CD/Genocide (SCD)(Jpn).zip": {"hash": "8adece3a24aa144edb7bba751aef2715", "size": 236, "tags": [15, 22, 251], "zip_id": "cheats_folder_tgfx16-cd"}, "Cheats/TGFX16-CD/Gensou Tairiku Auleria (CD)(Jpn).zip": {"hash": "ae0679cb4c866856caf66c9e27db1bf2", "size": 1197, "tags": [15, 22, 251], "zip_id": "cheats_folder_tgfx16-cd"}, "Cheats/TGFX16-CD/Ginga Fukei Densetsu Sapphire (ACD)(Jpn).zip": {"hash": "993c2b377ba13923e2d7fecba2cf37ba", "size": 1393, "tags": [15, 22, 251], "zip_id": "cheats_folder_tgfx16-cd"}, "Cheats/TGFX16-CD/Godzilla (SCD)(USA).zip": {"hash": "cc02515093ae3383fb1b21485cb07800", "size": 220, "tags": [15, 22, 251], "zip_id": "cheats_folder_tgfx16-cd"}, "Cheats/TGFX16-CD/Godzilla - Bakutou Retsuden (SCD)(Jpn).zip": {"hash": "457bdec791e8aebdd83b21bc5510e8ac", "size": 242, "tags": [15, 22, 251], "zip_id": "cheats_folder_tgfx16-cd"}, "Cheats/TGFX16-CD/Gradius II - Gofer no Yabou (SCD)(Jpn).zip": {"hash": "5e7a6fffa65cdaf97a303f49ff861741", "size": 234, "tags": [15, 22, 251], "zip_id": "cheats_folder_tgfx16-cd"}, "Cheats/TGFX16-CD/Hawk F-123 (SCD)(Jpn).zip": {"hash": "26b088f5247f4d14846a7b4fa6cef5c3", "size": 232, "tags": [15, 22, 251], "zip_id": "cheats_folder_tgfx16-cd"}, "Cheats/TGFX16-CD/Image Fight II (SCD)(Jpn).zip": {"hash": "09158b0032627b9e80388c4d86ece837", "size": 1152, "tags": [15, 22, 251], "zip_id": "cheats_folder_tgfx16-cd"}, "Cheats/TGFX16-CD/Jack Nicklaus Turbo Golf (CD)(USA).zip": {"hash": "c164acb0b3901c1783ec5fc5219110d3", "size": 240, "tags": [15, 22, 251], "zip_id": "cheats_folder_tgfx16-cd"}, "Cheats/TGFX16-CD/Kaze Kiri - Ninja Action (SCD)(Jpn).zip": {"hash": "816831aa9397e327a14dc223a9422934", "size": 1233, "tags": [15, 22, 251], "zip_id": "cheats_folder_tgfx16-cd"}, "Cheats/TGFX16-CD/Kaze no Densetsu Xanadu (SCD)(Jpn).zip": {"hash": "e4ee354ac089e713937f57319fcad33e", "size": 668, "tags": [15, 22, 251], "zip_id": "cheats_folder_tgfx16-cd"}, "Cheats/TGFX16-CD/Kaze no Densetsu Xanadu II (SCD)(Jpn).zip": {"hash": "c9a57ebc7cd9a591fbb3a573697426d5", "size": 481, "tags": [15, 22, 251], "zip_id": "cheats_folder_tgfx16-cd"}, "Cheats/TGFX16-CD/L-Dis (CD)(Jpn).zip": {"hash": "bd975f20d1e144dabb7810a780cd291f", "size": 224, "tags": [15, 22, 251], "zip_id": "cheats_folder_tgfx16-cd"}, "Cheats/TGFX16-CD/Last Alert (CD)(USA).zip": {"hash": "147f2cc133b5ce7e7b4d28371bd304e0", "size": 1090, "tags": [15, 22, 251], "zip_id": "cheats_folder_tgfx16-cd"}, "Cheats/TGFX16-CD/Legion (CD)(Jpn).zip": {"hash": "bd975f20d1e144dabb7810a780cd291f", "size": 224, "tags": [15, 22, 251], "zip_id": "cheats_folder_tgfx16-cd"}, "Cheats/TGFX16-CD/Lords of Thunder (SCD)(USA).zip": {"hash": "6f2e097c042ceee7e43ce3963fc0cbdf", "size": 976, "tags": [15, 22, 251], "zip_id": "cheats_folder_tgfx16-cd"}, "Cheats/TGFX16-CD/Magical Fantasy Adventure - Popful Mail (ACD, SCD)(Jpn).zip": {"hash": "ef21c4c7b1d74b7833f627b61ae4cdd0", "size": 1134, "tags": [15, 22, 251], "zip_id": "cheats_folder_tgfx16-cd"}, "Cheats/TGFX16-CD/Martial Champion (SCD)(Jpn).zip": {"hash": "0714f71a3ac7b36e1a6e5473b2ae934f", "size": 377, "tags": [15, 22, 251], "zip_id": "cheats_folder_tgfx16-cd"}, "Cheats/TGFX16-CD/Meteor Blaster DX (SCD)(USA)[bad toc].zip": {"hash": "f763d6cdf2d0ec0b9d2e60e8296acace", "size": 641, "tags": [15, 22, 251], "zip_id": "cheats_folder_tgfx16-cd"}, "Cheats/TGFX16-CD/Monster Lair (CD)(USA).zip": {"hash": "cc29aa2147e5b68d1cc0e8416fe89422", "size": 510, "tags": [15, 22, 251], "zip_id": "cheats_folder_tgfx16-cd"}, "Cheats/TGFX16-CD/Mugen Senshi Valis - Legend of a Fantasm Soldier (SCD)(Jpn).zip": {"hash": "174e823591a43b784f05c288dd324413", "size": 595, "tags": [15, 22, 251], "zip_id": "cheats_folder_tgfx16-cd"}, "Cheats/TGFX16-CD/Nekketsu Koushinkyoku - Soreyuke Daiundoukai (SCD)(Jpn).zip": {"hash": "c60a2c6505e0198452007872e95d2c87", "size": 397, "tags": [15, 22, 251], "zip_id": "cheats_folder_tgfx16-cd"}, "Cheats/TGFX16-CD/Neo Nectaris (SCD)(Jpn).zip": {"hash": "ba539268df3ad51fb0ce121af3ea1fb7", "size": 244, "tags": [15, 22, 251], "zip_id": "cheats_folder_tgfx16-cd"}, "Cheats/TGFX16-CD/Prince of Persia (SCD)(USA).zip": {"hash": "70ce3d7d7bb442194714b80303e74eab", "size": 250, "tags": [15, 22, 251], "zip_id": "cheats_folder_tgfx16-cd"}, "Cheats/TGFX16-CD/Rayxanber II (CD)(Jpn).zip": {"hash": "3a3be64fc0a091f74a2777771976ef75", "size": 365, "tags": [15, 22, 251], "zip_id": "cheats_folder_tgfx16-cd"}, "Cheats/TGFX16-CD/Rayxanber III (SCD)(Jpn).zip": {"hash": "8dfa9b82bf987674bb9de68640f39ed4", "size": 259, "tags": [15, 22, 251], "zip_id": "cheats_folder_tgfx16-cd"}, "Cheats/TGFX16-CD/Red Alert (CD)(Jpn).zip": {"hash": "cb7eef4800d8085695d7bdd24ffa8924", "size": 939, "tags": [15, 22, 251], "zip_id": "cheats_folder_tgfx16-cd"}, "Cheats/TGFX16-CD/Riot Zone (SCD)(USA).zip": {"hash": "bd975f20d1e144dabb7810a780cd291f", "size": 224, "tags": [15, 22, 251], "zip_id": "cheats_folder_tgfx16-cd"}, "Cheats/TGFX16-CD/Shadow of the Beast (SCD)(USA).zip": {"hash": "787a2abc430132da3c9172a5affc1a88", "size": 236, "tags": [15, 22, 251], "zip_id": "cheats_folder_tgfx16-cd"}, "Cheats/TGFX16-CD/Shape Shifter (SCD)(USA).zip": {"hash": "5b4444375f0b5a938a8fb62b29843db9", "size": 1052, "tags": [15, 22, 251], "zip_id": "cheats_folder_tgfx16-cd"}, "Cheats/TGFX16-CD/Sorcerian (SCD)(Jpn).zip": {"hash": "e3f405de67548b1d4ac0bc80ad0659d1", "size": 732, "tags": [15, 22, 251], "zip_id": "cheats_folder_tgfx16-cd"}, "Cheats/TGFX16-CD/Splash Lake (CD)(USA).zip": {"hash": "cdbd98de4cf1f3c84f19c8ac56785aff", "size": 659, "tags": [15, 22, 251], "zip_id": "cheats_folder_tgfx16-cd"}, "Cheats/TGFX16-CD/Startling Odyssey II - Makyou Sensou (SCD)(Jpn).zip": {"hash": "74b0484e4584e33c8347d0202eea7066", "size": 1477, "tags": [15, 22, 251], "zip_id": "cheats_folder_tgfx16-cd"}, "Cheats/TGFX16-CD/Strider Hiryuu (ACD)(Jpn).zip": {"hash": "9ccade041b1418b3305a4a6ea3f81543", "size": 818, "tags": [15, 22, 251], "zip_id": "cheats_folder_tgfx16-cd"}, "Cheats/TGFX16-CD/Tenchi wo Kurau (SCD)(Jpn).zip": {"hash": "3c84d59500870d0eb184d1e0533d12c5", "size": 322, "tags": [15, 22, 251], "zip_id": "cheats_folder_tgfx16-cd"}, "Cheats/TGFX16-CD/Tengai Makyou - Kabuki Ittou Ryoudan (ACD)(Jpn).zip": {"hash": "50e927f13ef15883e70578324cad3a3d", "size": 329, "tags": [15, 22, 251], "zip_id": "cheats_folder_tgfx16-cd"}, "Cheats/TGFX16-CD/The Addams Family (CD)(USA).zip": {"hash": "7cd84c11c89402a0e5ac30845409a2d4", "size": 889, "tags": [15, 22, 251], "zip_id": "cheats_folder_tgfx16-cd"}, "Cheats/TGFX16-CD/The Dynastic Hero (SCD)(USA).zip": {"hash": "d57467890ffb74c04e1bbe89eb008a4c", "size": 380, "tags": [15, 22, 251], "zip_id": "cheats_folder_tgfx16-cd"}, "Cheats/TGFX16-CD/Valis II (CD)(USA).zip": {"hash": "c7c0233db1b568f39a01b152d3e30446", "size": 1267, "tags": [15, 22, 251], "zip_id": "cheats_folder_tgfx16-cd"}, "Cheats/TGFX16-CD/Valis III (CD)(USA).zip": {"hash": "057c00fdebe0a5c20e596b54ddc4e20c", "size": 579, "tags": [15, 22, 251], "zip_id": "cheats_folder_tgfx16-cd"}, "Cheats/TGFX16-CD/Valis IV - The Fantasm Soldier (CD)(Jpn).zip": {"hash": "1193b6c1a49ed0d42a070eabe23e89ce", "size": 947, "tags": [15, 22, 251], "zip_id": "cheats_folder_tgfx16-cd"}, "Cheats/TGFX16-CD/Winds of Thunder (SCD)(Jpn).zip": {"hash": "df3aabe58642558488c2f44b9aee6701", "size": 728, "tags": [15, 22, 251], "zip_id": "cheats_folder_tgfx16-cd"}, "Cheats/TGFX16-CD/Wizardry I II (SCD)(Jpn).zip": {"hash": "ddd9d66980b0a63228cfc4aa96e68d28", "size": 379, "tags": [15, 22, 251], "zip_id": "cheats_folder_tgfx16-cd"}, "Cheats/TGFX16-CD/World Heroes II (ACD)(Jpn).zip": {"hash": "f46b900c8c2b417c537994a373ae3d45", "size": 246, "tags": [15, 22, 251], "zip_id": "cheats_folder_tgfx16-cd"}, "Cheats/TGFX16-CD/Xak I II (SCD)(Jpn).zip": {"hash": "aab33a6090e0ec064a6c7e8c081c3232", "size": 3942, "tags": [15, 22, 251], "zip_id": "cheats_folder_tgfx16-cd"}, "Cheats/TGFX16-CD/Xak III - The Eternal Recurrence (SCD)(Jpn).zip": {"hash": "e695ffe956c368669d26212ea7818911", "size": 692, "tags": [15, 22, 251], "zip_id": "cheats_folder_tgfx16-cd"}, "Cheats/TGFX16-CD/Ys Book I II (CD)(USA).zip": {"hash": "76fa9829d269bb8325fa12865d401d95", "size": 1953, "tags": [15, 22, 251], "zip_id": "cheats_folder_tgfx16-cd"}, "Cheats/TGFX16-CD/Ys III - Wanderers from Ys (CD)(USA).zip": {"hash": "fe486208ff0fac91bac641158d5a10c0", "size": 2300, "tags": [15, 22, 251], "zip_id": "cheats_folder_tgfx16-cd"}, "Cheats/TGFX16-CD/Ys IV - The Dawn of Ys (SCD)(Jpn, HCD3051-4-1108-R1F).zip": {"hash": "9cdf5222cb65ba29940efb818bb9f810", "size": 1754, "tags": [15, 22, 251], "zip_id": "cheats_folder_tgfx16-cd"}, "Cheats/TGFX16-CD/Yu Yu Hakusho (SCD)(Jpn).zip": {"hash": "4c7e3a632acb98972536eb7c43023519", "size": 512, "tags": [15, 22, 251], "zip_id": "cheats_folder_tgfx16-cd"}}, "folders": {"Cheats": {"tags": [22, 251], "zip_id": "cheats_folder_tgfx16-cd"}, "Cheats/TGFX16-CD": {"tags": [15, 22, 251], "zip_id": "cheats_folder_tgfx16-cd"}}}